model_name,run_id,status,feature_path,n_features_before_encoding,n_features_after_encoding,cv_roc_auc_mean,cv_roc_auc_std,cv_pr_auc_mean,cv_pr_auc_std,best_iteration_mean,training_time_seconds,random_seed,model_path,history_path,timestamp
logistic_regression,logistic_regression_v1,done,linear_mlp,66,185,0.7475366003534569,0.0020376659476873,0.2248329523188155,0.0060434818209721,,28.16507053375244,42,D:\Kerjaan\Home Creadit\Project-1-Home-Credit-Default-Risk-main\models\logistic_regression\logistic_regression_pipeline.joblib,D:\Kerjaan\Home Creadit\Project-1-Home-Credit-Default-Risk-main\models\logistic_regression\logistic_regression_history.json,2026-08-30T09:13:12.170667+00:00
decision_tree,decision_tree_v1,done,tree,66,185,0.538795194916682,0.0051522087557829,0.0912153333311769,0.0019783005296544,,45.48679518699646,42,D:\Kerjaan\Home Creadit\Project-1-Home-Credit-Default-Risk-main\models\decision_tree\decision_tree_pipeline.joblib,D:\Kerjaan\Home Creadit\Project-1-Home-Credit-Default-Risk-main\models\decision_tree\decision_tree_history.json,2026-08-30T09:14:11.058026+00:00
random_forest,random_forest_v1,done,tree,66,185,0.7441259448429542,0.0020516286214299,0.218657972195382,0.0037853821876396,,103.35806465148926,42,D:\Kerjaan\Home Creadit\Project-1-Home-Credit-Default-Risk-main\models\random_forest\random_forest_pipeline.joblib,D:\Kerjaan\Home Creadit\Project-1-Home-Credit-Default-Risk-main\models\random_forest\random_forest_history.json,2026-08-30T09:16:27.439110+00:00
lightgbm,lightgbm_v1,done,tree,66,185,0.7571473774196458,0.0010248318499777192,0.24113273727555457,0.005206870831671073,208.6,20.249966621398926,42,D:\Kerjaan\Home Creadit\Project-1-Home-Credit-Default-Risk-main\models\lightgbm\lightgbm_pipeline.joblib,D:\Kerjaan\Home Creadit\Project-1-Home-Credit-Default-Risk-main\models\lightgbm\lightgbm_history.json,2026-08-30T09:16:51.451829+00:00
xgboost,xgboost_v1,done,tree,66,185,0.7545124975785032,0.0010467386886126287,0.23879858096192935,0.0028887741852391628,198.6,39.78342843055725,42,D:\Kerjaan\Home Creadit\Project-1-Home-Credit-Default-Risk-main\models\xgboost\xgboost_pipeline.joblib,D:\Kerjaan\Home Creadit\Project-1-Home-Credit-Default-Risk-main\models\xgboost\xgboost_history.json,2026-08-30T09:17:37.022976+00:00
catboost,catboost_v1,done,tree,66,66,0.7593751987636039,0.0015931188425605388,0.24356577854664102,0.005855890863209902,580.2,461.53036546707153,42,D:\Kerjaan\Home Creadit\Project-1-Home-Credit-Default-Risk-main\models\catboost\catboost_pipeline.joblib,D:\Kerjaan\Home Creadit\Project-1-Home-Credit-Default-Risk-main\models\catboost\catboost_history.json,2026-08-30T09:26:42.033596+00:00
mlp,mlp_v1,done,linear_mlp,66,185,0.7468608716060944,0.0005735694038642847,0.22313582651185726,0.003166746230232291,14.2,63.43175029754639,42,D:\Kerjaan\Home Creadit\Project-1-Home-Credit-Default-Risk-main\models\mlp\mlp_pipeline.joblib,D:\Kerjaan\Home Creadit\Project-1-Home-Credit-Default-Risk-main\models\mlp\mlp_history.json,2026-08-30T09:28:02.487641+00:00
catboost_v2,catboost_v2_v1,done,tree,574,574,0.7795009091730694,0.0020621657947044636,0.26897605344652803,0.006789156584551255,738.6,891.6641261577606,42,D:\Kerjaan\Home Creadit\Project-1-Home-Credit-Default-Risk-main\models\catboost_v2\catboost_v2_pipeline.joblib,D:\Kerjaan\Home Creadit\Project-1-Home-Credit-Default-Risk-main\models\catboost_v2\catboost_v2_history.json,2026-09-01T08:06:21.454286+00:00
catboost_v2,catboost_v2_v1,done,tree,574,574,0.7795009091730694,0.0020621657947044636,0.26897605344652803,0.006789156584551255,738.6,962.5717294216156,42,D:\Kerjaan\Home Creadit\Project-1-Home-Credit-Default-Risk-main\models\catboost_v2\catboost_v2_pipeline.joblib,D:\Kerjaan\Home Creadit\Project-1-Home-Credit-Default-Risk-main\models\catboost_v2\catboost_v2_history.json,2026-09-01T09:42:01.393147+00:00
catboost_v2,catboost_v2_v1,done,tree,574,574,0.7795009091730694,0.0020621657947044636,0.26897605344652803,0.006789156584551255,738.6,881.7429132461548,42,D:\Kerjaan\Home Creadit\Project-1-Home-Credit-Default-Risk-main\models\catboost_v2\catboost_v2_pipeline.joblib,D:\Kerjaan\Home Creadit\Project-1-Home-Credit-Default-Risk-main\models\catboost_v2\catboost_v2_history.json,2026-09-01T10:03:47.786982+00:00
lightgbm_v2,lightgbm_v2_v1,done,tree,574,693,0.7775072215902987,0.0018540388065493246,0.26642488737369585,0.006108132992468936,236.8,125.81777286529541,42,D:\Kerjaan\Home Creadit\Project-1-Home-Credit-Default-Risk-main\models\lightgbm_v2\lightgbm_v2_pipeline.joblib,D:\Kerjaan\Home Creadit\Project-1-Home-Credit-Default-Risk-main\models\lightgbm_v2\lightgbm_v2_history.json,2026-09-01T10:06:19.001494+00:00
xgboost_v2,xgboost_v2_v1,done,tree,574,693,0.7733300247488268,0.0027166316315749574,0.26064354433310344,0.006869981911710857,278.2,396.0133376121521,42,D:\Kerjaan\Home Creadit\Project-1-Home-Credit-Default-Risk-main\models\xgboost_v2\xgboost_v2_pipeline.joblib,D:\Kerjaan\Home Creadit\Project-1-Home-Credit-Default-Risk-main\models\xgboost_v2\xgboost_v2_history.json,2026-09-01T10:13:28.547477+00:00
catboost_v2,catboost_v2_v1,done,tree,574,574,0.7795009091730694,0.0020621657947044636,0.26897605344652803,0.006789156584551255,738.6,856.8525352478027,42,D:\Kerjaan\Home Creadit\Project-1-Home-Credit-Default-Risk-main\models\catboost_v2\catboost_v2_pipeline.joblib,D:\Kerjaan\Home Creadit\Project-1-Home-Credit-Default-Risk-main\models\catboost_v2\catboost_v2_history.json,2026-09-01T10:57:46.050341+00:00
lightgbm_v2,lightgbm_v2_v1,done,tree,574,693,0.7775072215902987,0.0018540388065493246,0.26642488737369585,0.006108132992468936,236.8,114.14875388145447,42,D:\Kerjaan\Home Creadit\Project-1-Home-Credit-Default-Risk-main\models\lightgbm_v2\lightgbm_v2_pipeline.joblib,D:\Kerjaan\Home Creadit\Project-1-Home-Credit-Default-Risk-main\models\lightgbm_v2\lightgbm_v2_history.json,2026-09-01T11:00:03.866094+00:00
xgboost_v2,xgboost_v2_v1,done,tree,574,693,0.7733300247488268,0.0027166316315749574,0.26064354433310344,0.006869981911710857,278.2,369.56410789489746,42,D:\Kerjaan\Home Creadit\Project-1-Home-Credit-Default-Risk-main\models\xgboost_v2\xgboost_v2_pipeline.joblib,D:\Kerjaan\Home Creadit\Project-1-Home-Credit-Default-Risk-main\models\xgboost_v2\xgboost_v2_history.json,2026-09-01T11:06:43.509339+00:00
catboost_v2_tuned,catboost_v2_tuned_v1,done,tree,574,574,0.7795117395633111,0.0018772509871050023,0.26843301116152385,0.0066843158336131496,719.4,841.0961015224457,42,D:\Kerjaan\Home Creadit\Project-1-Home-Credit-Default-Risk-main\models\catboost_v2_tuned\catboost_v2_tuned_pipeline.joblib,D:\Kerjaan\Home Creadit\Project-1-Home-Credit-Default-Risk-main\models\catboost_v2_tuned\catboost_v2_tuned_history.json,2026-09-01T13:03:29.125017+00:00
catboost_v3,catboost_v3_v1,done,tree,739,739,0.7829459493225499,0.001964680615768669,0.2720088342387581,0.005648559284686596,624.6,851.6948487758636,42,D:\Kerjaan\Home Creadit\Project-1-Home-Credit-Default-Risk-main\models\catboost_v3\catboost_v3_pipeline.joblib,D:\Kerjaan\Home Creadit\Project-1-Home-Credit-Default-Risk-main\models\catboost_v3\catboost_v3_history.json,2026-09-01T14:28:00.433037+00:00
catboost_v3,catboost_v3_v1,done,tree,739,739,0.7829459493225499,0.001964680615768669,0.2720088342387581,0.005648559284686596,624.6,882.5152628421783,42,D:\Kerjaan\Home Creadit\Project-1-Home-Credit-Default-Risk-main\models\catboost_v3\catboost_v3_pipeline.joblib,D:\Kerjaan\Home Creadit\Project-1-Home-Credit-Default-Risk-main\models\catboost_v3\catboost_v3_history.json,2026-09-02T06:16:24.751359+00:00
lightgbm_v3,lightgbm_v3_v1,done,tree,739,858,0.7810405681968924,0.0019807790457970283,0.2702073885837821,0.005313432216483999,245.4,168.13693046569824,42,D:\Kerjaan\Home Creadit\Project-1-Home-Credit-Default-Risk-main\models\lightgbm_v3\lightgbm_v3_pipeline.joblib,D:\Kerjaan\Home Creadit\Project-1-Home-Credit-Default-Risk-main\models\lightgbm_v3\lightgbm_v3_history.json,2026-09-02T06:19:46.206171+00:00
xgboost_v3,xgboost_v3_v1,done,tree,739,858,0.7776690434150226,0.0022701890253880746,0.2646178539518301,0.005058309242133429,275.4,420.10447573661804,42,D:\Kerjaan\Home Creadit\Project-1-Home-Credit-Default-Risk-main\models\xgboost_v3\xgboost_v3_pipeline.joblib,D:\Kerjaan\Home Creadit\Project-1-Home-Credit-Default-Risk-main\models\xgboost_v3\xgboost_v3_history.json,2026-09-02T06:27:32.448578+00:00
catboost_v3,catboost_v3_v1,done,tree,739,739,0.7829459493225499,0.001964680615768669,0.2720088342387581,0.005648559284686596,624.6,854.5387551784515,42,D:\Kerjaan\Home Creadit\Project-1-Home-Credit-Default-Risk-main\models\catboost_v3\catboost_v3_pipeline.joblib,D:\Kerjaan\Home Creadit\Project-1-Home-Credit-Default-Risk-main\models\catboost_v3\catboost_v3_history.json,2026-09-02T07:34:23.435851+00:00
lightgbm_v3,lightgbm_v3_v1,done,tree,739,858,0.7810405681968924,0.0019807790457970283,0.2702073885837821,0.005313432216483999,245.4,159.39553308486938,42,D:\Kerjaan\Home Creadit\Project-1-Home-Credit-Default-Risk-main\models\lightgbm_v3\lightgbm_v3_pipeline.joblib,D:\Kerjaan\Home Creadit\Project-1-Home-Credit-Default-Risk-main\models\lightgbm_v3\lightgbm_v3_history.json,2026-09-02T07:37:34.852974+00:00
xgboost_v3,xgboost_v3_v1,done,tree,739,858,0.7776690434150226,0.0022701890253880746,0.2646178539518301,0.005058309242133429,275.4,436.8789122104645,42,D:\Kerjaan\Home Creadit\Project-1-Home-Credit-Default-Risk-main\models\xgboost_v3\xgboost_v3_pipeline.joblib,D:\Kerjaan\Home Creadit\Project-1-Home-Credit-Default-Risk-main\models\xgboost_v3\xgboost_v3_history.json,2026-09-02T07:45:34.166033+00:00
catboost_v3,catboost_v3_v1,done,tree,739,739,0.7829459493225499,0.001964680615768669,0.2720088342387581,0.005648559284686596,624.6,865.185122013092,42,D:\Kerjaan\Home Creadit\Project-1-Home-Credit-Default-Risk-main\models\catboost_v3\catboost_v3_pipeline.joblib,D:\Kerjaan\Home Creadit\Project-1-Home-Credit-Default-Risk-main\models\catboost_v3\catboost_v3_history.json,2026-09-02T08:11:51.008066+00:00
lightgbm_v3,lightgbm_v3_v1,done,tree,739,858,0.7810405681968924,0.0019807790457970283,0.2702073885837821,0.005313432216483999,245.4,165.86551213264465,42,D:\Kerjaan\Home Creadit\Project-1-Home-Credit-Default-Risk-main\models\lightgbm_v3\lightgbm_v3_pipeline.joblib,D:\Kerjaan\Home Creadit\Project-1-Home-Credit-Default-Risk-main\models\lightgbm_v3\lightgbm_v3_history.json,2026-09-02T08:15:09.802750+00:00
xgboost_v3,xgboost_v3_v1,done,tree,739,858,0.7776690434150226,0.0022701890253880746,0.2646178539518301,0.005058309242133429,275.4,452.2109000682831,42,D:\Kerjaan\Home Creadit\Project-1-Home-Credit-Default-Risk-main\models\xgboost_v3\xgboost_v3_pipeline.joblib,D:\Kerjaan\Home Creadit\Project-1-Home-Credit-Default-Risk-main\models\xgboost_v3\xgboost_v3_history.json,2026-09-02T08:23:21.904189+00:00
catboost_v3,catboost_v3_v1,done,tree,739,739,0.7829459493225499,0.001964680615768669,0.2720088342387581,0.005648559284686596,624.6,878.6400511264801,42,D:\Kerjaan\Home Creadit\Project-1-Home-Credit-Default-Risk-main\models\catboost_v3\catboost_v3_pipeline.joblib,D:\Kerjaan\Home Creadit\Project-1-Home-Credit-Default-Risk-main\models\catboost_v3\catboost_v3_history.json,2026-09-02T08:54:06.907540+00:00
lightgbm_v3,lightgbm_v3_v1,done,tree,739,858,0.7810405681968924,0.0019807790457970283,0.2702073885837821,0.005313432216483999,245.4,162.45778894424438,42,D:\Kerjaan\Home Creadit\Project-1-Home-Credit-Default-Risk-main\models\lightgbm_v3\lightgbm_v3_pipeline.joblib,D:\Kerjaan\Home Creadit\Project-1-Home-Credit-Default-Risk-main\models\lightgbm_v3\lightgbm_v3_history.json,2026-09-02T08:57:22.113520+00:00
xgboost_v3,xgboost_v3_v1,done,tree,739,858,0.7776690434150226,0.0022701890253880746,0.2646178539518301,0.005058309242133429,275.4,459.2259783744812,42,D:\Kerjaan\Home Creadit\Project-1-Home-Credit-Default-Risk-main\models\xgboost_v3\xgboost_v3_pipeline.joblib,D:\Kerjaan\Home Creadit\Project-1-Home-Credit-Default-Risk-main\models\xgboost_v3\xgboost_v3_history.json,2026-09-02T09:05:41.975687+00:00
catboost_v3_final,holdout_eval_001,final_holdout,,,,,,,,,,,,,
